,data_tweets,data_labels
0,Michelle and I are delighted to congratulate Prince Harry and Meghan Markle on their engagement. We wish you a lifetime of joy and happiness together.,1.0
1,"From the Obama family to yours, we wish you a Happy Thanksgiving full of joy and gratitude. ",1.0
2,"ME:  Joe, about halfway through the speech, I’m gonna wish you a happy birth--
BIDEN:  IT’S MY BIRTHDAY!
ME:  Joe.
 
Happy birthday to @JoeBiden, my brother and the best vice president anybody could have. ",1.0
3,"RT @ObamaFoundation: Today, we honor those who have honored our country with its highest form of service. https://t.co/IbJNCwIofL ",1.0
4,"This is what happens when the people vote. Congrats @RalphNortham and @PhilMurphyNJ . And congratulations to all the victors in state legislative, county and mayors' races. Every office in a democracy counts!",1.0
5,Every election matters - those who show up determine our future. Go vote tomorrow! ,1.0
6,May God also grant all of us the wisdom to ask what concrete steps we can take to reduce the violence and weaponry in our midst.,1.0
7,"We grieve with all the families in Sutherland Springs harmed by this act of hatred, and we’ll stand with the survivors as they recover...",1.0
8,"Starting today, you can sign up for 2018 health coverage. Head on over to https://t.co/ob1Ynoesod and find a plan that meets your needs. ",1.0
9,Michelle and I are thinking of the victims of today's attack in NYC and everyone who keeps us safe. New Yorkers are as tough as they come.,1.0
10,"Hello, #ObamaSummit! Thrilled to host civic leaders in Chicago from all over the world. Follow along at @ObamaFoundation.",1.0
11,"I’ll let you and @ladygaga handle the singing, and we’ll handle the donations. There’s still time to give: https://t.co/o5oCWOtiJS. ",1.0
12,Tonight the ex-Presidents are getting together in Texas to support all our fellow Americans rebuilding from this year’s hurricanes. Join us. ,1.0
13,"I'm grateful to @SenJohnMcCain for his lifetime of service to our country. Congratulations, John, on receiving this year's Liberty Medal.",1.0
14,Michelle &amp; I are praying for the victims in Las Vegas. Our thoughts are with their families &amp; everyone enduring another senseless tragedy.,1.0
15,Proud to cheer on Team USA at the Invictus Games today with my friend Joe. You represent the best of our country. ,1.0
16,"We're expanding our efforts to help Puerto Rico &amp; the USVI, where our fellow Americans need us right now. Join us at https://t.co/o5oCWOtiJS ",1.0
17,"Prosecutor, soldier, family man, citizen. Beau made us want to be better. What a legacy to leave. What a testament to @JoeBiden. ",1.0
18,RT @gatesfoundation: President @BarackObama addresses #Goalkeepers17 starting at 12:40 PM. Tune in here: ,1.0
19,Thinking about our neighbors in Mexico and all our Mexican-American friends tonight. Cuidense mucho y un fuerte abrazo para todos.,1.0
20,"Coding is important – and fun. @CSforAll, thanks for your work to make sure every kid can compete in a high-tech, global economy. ",1.0
21,Michelle and I want the @ObamaFoundation to inspire and empower people to change the world. Here's how we're getting started this fall. ,1.0
22,We remember everyone we lost on 9/11 and honor all who defend our country and our ideals. No act of terror will ever change who we are.,1.0
23,"RT @GeorgeHWBush: Across the U.S., Americans have answered the call to help with hurricane recovery. Praying for all Floridians. #Irma http…",1.0
24,Proud of these McKinley Tech students—inspiring young minds that make me hopeful about our future. ,1.0
25,Americans always answer the call. https://t.co/SV1jixOExu ,1.0
26,"To target hopeful young strivers who grew up here is wrong, because they’ve done nothing wrong. My statement: ",1.0
27,Thank you to all the first responders and people helping each other out. That's what we do as Americans. Here's one way you can help now. ,1.0
28,Michelle and I are thinking of the victims and their families in Barcelona. Americans will always stand with our Spanish friends. Un abrazo.,1.0
29,"""...For love comes more naturally to the human heart than its opposite."" - Nelson Mandela",1.0
30,"""People must learn to hate, and if they can learn to hate, they can be taught to love...""",1.0
31,"""No one is born hating another person because of the color of his skin or his background or his religion..."" ",1.0
32,"John McCain is an American hero &amp; one of the bravest fighters I've ever known. Cancer doesn't know what it's up against. Give it hell, John.",1.0
33,Health care has always been about something bigger than politics: it's about the character of our country. ,1.0
34,"Of all that I've done in my life, I'm most proud to be Sasha and Malia's dad. To all those lucky enough to be a dad, Happy Father's Day! ",1.0
35,"On this National Gun Violence Awareness Day, let your voice be heard and show your commitment to reducing gun violence. ",1.0
36,Forever grateful for the service and sacrifice of all who fought to protect our freedoms and defend this country we love. ,1.0
37,Good to see my friend Prince Harry in London to discuss the work of our foundations &amp; offer condolences to victims of the Manchester attack. ,1.0
38,"Through faith, love, and resolve the character of the people of Manchester has shown itself.  Our thoughts &amp; prayers are with you. ",1.0
39,Our hearts go out to those killed and wounded in Manchester. Americans will always stand shoulder to shoulder with the people of the UK.,1.0
40,"Excited to hear from Sierra, Imani, Filiz, and Benedikt who are making a difference at home and abroad. See you in Berlin! ",1.0
41,"Happy Mother's Day to my love and partner on this journey @MichelleObama, and to all the wonderful, hardworking mothers out there.",1.0
42,"We're rolling up our sleeves again, back where it all started. Join us at https://t.co/GYkEOK8EuT. ",1.0
43,"Well said, Jimmy. That's exactly why we fought so hard for the ACA, and why we need to protect it for kids like Billy. And congratulations! ",1.0
44,RT @ObamaFoundation: It’s a beautiful day on the South Side. ,1.0
45,My heart goes out to the victims and their families in London. No act of terror can shake the strength and resilience of our British ally.,1.0
46,"Chuck Berry rolled over everyone who came before him – and turned up everyone who came after.  We'll miss you, Chuck.  Be good.",1.0
47,"On International Women’s Day, @MichelleObama and I are inspired by all of you who embrace your power to drive change. ",1.0
48,RT @ObamaFoundation: Courage comes in many forms. Who in your local community or neighborhood leads by example? #ProfileInCourage ,1.0
49,Humbled to be recognized by a family with a legacy of service. Who's your #ProfileInCourage? Tell me about them: https://t.co/euYRxWcost ,1.0
50,We asked. You answered. ,1.0
51,"Happy Valentine’s Day, @michelleobama! Almost 28 years with you, but it always feels new. ",1.0
52,I read letters like these every single day. It was one of the best parts of the job – hearing from you. ,1.0
53,RT @ObamaFoundation: Add your voice: https://t.co/mA9MSHmi7o ,1.0
54,"In the meantime, I want to hear what you're thinking about the road ahead. So share your ideas with me here: ",1.0
55,"Hi everybody! Back to the original handle. Is this thing still on? Michelle and I are off on a quick vacation, then we’ll get back to work.",1.0
56,"Tonight, President Obama reflects on eight years of progress. Watch the #FarewellAddress at 9 pm ET: ",1.0
57,"RT @OFA: ""Thanks to the Affordable Care Act, your coverage is better today than it was before.""

Watch the weekly address: ",1.0
58,"In the weekly address, President Obama discusses what #Obamacare has done to improve health care. ",1.0
59,"Let's keep working to keep our economy on a better, stronger course. ",1.0
60,The landmark #ParisAgreement enters into force today—we must keep up the momentum to #ActOnClimate. ,1.0
61,"The economy added 161,000 jobs in October, and wages are up 2.8 percent over the past year. ",1.0
62,There are a lot of plans out there. Check your options and lock in the one that's best for you: ,1.0
63,"The positive impact of #Obamacare is undeniable, but there's one big factor holding many states back: ",1.0
64,RT @POTUS: It happened: @Cubs win World Series. That's change even this South Sider can believe in. Want to come to the White House before…,1.0
65,Tens of millions of Americans have benefited from #Obamacare. Make sure you're one of them. #GetCovered ,1.0
66,"Thanks to #Obamacare, quality health care is available to everyone. The marketplace is now open—make sure you and your family #GetCovered. ",1.0
67,RT @lacasablanca: La t?pica Latina tarda 22 meses en ganar lo que un hombre blanco gana en 12 meses. Tenemos que cerrar la brecha salarial.…,1.0
68,"RT @WhiteHouse: On #LatinaEqualPay Day, we mark the work that remains to ensure that all Americans receive equal pay for equal work. ",1.0
69,Community organizing never goes out of style. Shop now: https://t.co/LXEbQdKLLT ,1.0
70,"With #Obamacare, people can focus on treatment for pre-existing conditions without the fear of coverage being capped or denied. #GetCovered ",1.0
71,"The Obamacare marketplace is now open. If you're uninsured, now is the time to shop for a plan and #GetCovered. https://t.co/7mJYFEz4QS ",1.0
72,RT @FLOTUS: Open enrollment starts tomorrow! Check out your options at https://t.co/dg57hwz5of and share your #GetCovered story. ,1.0
73,Lions and Tiggers and bears! Oh my! #HappyHalloween ,1.0
74,Usted y su familia merecen la tranquilidad de saber que est?n cubiertos. El mercado de seguros abre ma?ana. ,1.0
75,"Speak up in support of quality, affordable health care for all. ",1.0
76,There's nothing to be scared of when searching for health insurance. Three in four people can #GetCovered for less than $75 a month. ,1.0
77,Open enrollment begins tomorrow—make sure you and your loved ones #GetCovered. ,1.0
78,"RT @OFA: Witch plan is best for you? Thanks to Obamacare, even pre-existing conditions can't stop you from comparing your options. #GetCove…",1.0
79,Senate leaders' obstruction of our Supreme Court nomination process is unacceptable. Say so: ,1.0
80,Senate leaders should put the common good above politics—the integrity of our nation's highest court depends on it. #DoYourJob ,1.0
81,Don't ghost on your health and well-being—your chance to #GetCovered is coming up. Open enrollment starts November 1. ,1.0
82,Climate change is happening now. Denial is dangerous. ,1.0
83,"If you're willing to work hard and play by the rules, you should be able to get ahead. ",1.0
84,President Obama lays out just a few of the ways in which #Obamacare has helped millions of Americans. ,1.0
85,New report: Renewable energy installations are beating fossil fuel installations for the first time. ,1.0
86,Obamacare has helped millions of Americans gain the peace of mind that comes with coverage. Show your support: ,1.0
87,"This is what happens when we focus on building an economy that works for everyone, not just those at the top. ",1.0
88,"No one's too wrapped up in pre-existing conditions to #GetCovered. 
Thanks to Obamacare, you can find a plan that meets your needs. ",1.0
89,Help protect the progress we've made in helping millions of Americans get covered. Add your name now: ,1.0
90,DYK: Most people can find a plan for less than $75 per month. Open enrollment starts on November 1. #GetCovered ,1.0
91,"Women, the sick, survivors—they all deserve fair treatment in our health care system. #Obamacare ",1.0
92,Don't get tripped up by misinformation. Join the @OFA Truth Team today: https://t.co/wJZj1QCxXm ,1.0
93,"RT @SecBurwell: Most people shopping on @HealthCareGov will again find plans with premiums of less than $75/month, thanks to financial assi…",1.0
94,Be proud of the progress we've made together—wear the mark of this movement. https://t.co/fYf2O9WAwG ,1.0
95,Strong policies that help working families get ahead are good for our economy. ,1.0
96,The four-week average of jobless claims fell to the lowest level since 1973—a sign of a healthy labor market. ,1.0
97,"Since 2010, America's uninsured rate has been cut in half. Help build on that progress—join Team #Obamacare today: ",1.0
98,"RT @OFA: It's working.
It's saving lives.
And we're not going back.
Retweet to show your support. ",1.0
99,"Health care is a right, not a privilege—and #Obamacare works to protect that right for millions of Americans. ",1.0
100,Don't get tripped up by misinformation. Join the @OFA Truth Team today: https://t.co/09BpA6F9Ne ,1.0
101,Being able to stay on a parent's plan enables millions of young adults to make choices about their future with the security of health care. ,1.0
102,"""Because of Obamacare, another 20 million Americans now know the financial security of health insurance."" ",1.0
103,Stand up for the law that's helped 20 million more Americans gain health coverage. Join Team @Obamacare today: ,1.0
104,"There's still more work to do, but let's celebrate how far we've come. ",1.0
105,LIVE: President Obama is in Miami talking about the progress made possible by the Affordable Care Act. ,1.0
106,"RT @WhiteHouse: Each day, @POTUS reads 10 letters from Americans. Today, we're sharing some of the letters written about #ACA: ",1.0
107,Tune in at 1:55 p.m. ET to watch President Obama speak about the successes of the Affordable Care Act. ,1.0
108,There's a lot of misinformation floating around. Make sure you've got the facts—join the @OFA Truth Team: https://t.co/WKXMJCZtF0 ,1.0
109,"From coast to coast, editorial boards are denouncing Senate obstructionism. Take a look: ",1.0
110,"Our Supreme Court has been short a justice for far too long. #DoYourJob, Senate leaders. ",1.0
111,"RT @SecBurwell: Today, 20M more Americans have coverage thanks to the #ACA. Our uninsured rate is the lowest in our nation’s history. Lowes…",1.0
112,The need for a ninth justice is undeniably clear. #DoYourJob ,1.0
113,We can't afford to let this be the new normal. ,1.0
114,Denying climate change is dangerous. Join @OFA supporters in standing up for bold action now: ,1.0
115,"Climate change is real, but so is the progress we're making to #ActOnClimate. Let's keep it up. ",1.0
116,This is just the latest step forward in the push to #ActOnClimate. ,1.0
117,Read why @FLOTUS is fighting to ensure that girls everywhere have access to quality education. ,1.0
118,"Wildfires in the next few decades could be ""unrecognizable"" to previous generations—because of climate change: ",1.0
119,Senate leaders are blocking the Supreme Court nomination for their own political gain—don't be silent: ,1.0
120,"RT @WhiteHouse: ""Nobody should be priced out of a higher education."" —@POTUS on the progress we've made: https://t.co/4YohVv7Qea ",1.0
121,RT @WHLive: Watch as @POTUS speaks on the progress made to ensure every student has the opportunity to realize their potential: ,1.0
122,Senate leaders have recognized Judge Garland's impeccable credentials in the past. He deserves a fair hearing and an up-or-down vote. ,1.0
123,We need a fully functional Supreme Court. Editorial boards across the country agree: ,1.0
124,The American Bar Association gave Judge Garland its highest rating. Senate leaders: #DoYourJob and fill the #SCOTUS vacancy. ,1.0
125,Denying climate change is dangerous. Join @OFA supporters in standing up for bold action now: ,1.0
126,"Cynics, take note: When we #ActOnClimate, we build a stronger future. ",1.0
127,"""That’s how we will overcome the challenges we face: by unleashing the power of all of us for all of us."" Read more: ",1.0
128,Check out the most recent editorial boards calling on Senate leaders to vote on Judge Garland: ,1.0
129,"Senate leaders have undercut the functionality of the Supreme Court, and that's unacceptable. #DoYourJob ",1.0
130,Senate leaders' political games are handicapping the Supreme Court—and judgeships across the country. ,1.0
131,"RT @WIRED: After eight years in office, @POTUS remains optimistic about the world's future. His essay as WIRED’s guest editor: ",1.0
132,LIVE: President Obama is speaking at a reception celebrating #HispanicHeritageMonth. ,1.0
133,"RT @WhiteHouse: In honor of #HispanicHeritageMonth, we celebrate the progress that Hispanic Americans have made under @POTUS: ",1.0
134,Support the bold steps we're taking against climate change. Say you're ready to #ActOnClimate: ,1.0
135,"Last week, more than 190 countries reached a landmark deal to reduce carbon pollution from aviation. ",1.0
136,Let's leave our children and grandchildren a planet that's healthier than the one we have today. #ActOnClimate ,1.0
137,Climate change's effects are devastating. Denying the science behind it does nothing to help. ,1.0
138,"""On behalf of Michelle and our family, G’mar Chatimah Tovah."" —President Obama #YomKippur",1.0
139,"""LGBT individuals deserve to know their country stands beside them."" —President Obama #NationalComingOutDay ",1.0
140,The Supreme Court must remain above politics. Judge Garland needs a hearing and a vote. #DoYourJob ,1.0
141,Don't stand idly by while Senate leaders continue to block Judge Garland from a fair hearing and vote: ,1.0
142,"Judge Garland is just as qualified now as he was in 1997, Senate leaders. It's time to #DoYourJob. ",1.0
143,Dispel misinformation with facts from the @OFA Truth Team. ,1.0
144,"The uninsured rate is the lowest it's been in decades, thanks to #Obamacare. Spread the word. https://t.co/cxdbkiOqbq ",1.0
145,Deadline tonight—help rein in payday lenders that succeed by targeting vulnerable Americans: ,1.0
146,The Obama administration and @CFPB are working to protect consumers and #StopTheDebtTrap. ,1.0
147,"Our economy is on a better, stronger course. ",1.0
148,The economic progress we've made is undeniable—let's keep it up. ,1.0
149,Check out President Obama's essay in @TheEconomist on the unique challenges the American economy faces. ,1.0
150,"The economy added 156,000 jobs in September—extending the longest streak of total job growth on record.",1.0
151,ICYMI: Read about the historic #ParisAgreement and what it means for the fight to #ActOnClimate. ,1.0
152,"RT @WhiteHouse: This is #SXSL: The White House festival of ideas, art, and action. Take a peek inside: https://t.co/BbvvMEaQTF ",1.0
153,The cost of clean energy technology dropped significantly over the last eight years. Get the chart: ,1.0
154,This historic step in the fight to #ActOnClimate came faster than anyone predicted. ,1.0
155,"""Today is a historic day in the fight to protect our planet for future generations."" —President Obama #ActOnClimate ",1.0
156,LIVE: President Obama is delivering a statement on the Paris Climate Agreement. ,1.0
157,Read from @NYTopinion about why filling the Supreme Court vacancy is crucial for our democracy: ,1.0
158,Enough is enough. Say it's time for Senate leaders to get to work: ,1.0
159,"""Everybody cares about their kids, their grandkids, and the kind of world we pass on to them."" —President Obama ",1.0
160,Take what matters with you. https://t.co/E0hXWSu1q3 ,1.0
161,"We've come a long way, but the fight for fairness and an economy that works for everyone continues. ",1.0
162,RT @NatGeoChannel: Tonight @POTUS will be joined by @LeoDiCaprio for a conversation on combating climate change: ,1.0
163,Side-by-side for 24 years. Here's to many more. #HappyAnniversary ,1.0
164,"RT @WhiteHouse: Today, @POTUS is bringing something new to the South Lawn. Find out why: ",1.0
165,Facts matter. Stay informed with the @OFA Truth Team: ,1.0
166,"RT @OFA: ""Since I took office, another ten million private-sector workers have gained paid sick leave."" —President Obama ",1.0
167,"In the weekly address, President Obama discusses why access to paid leave is so important. ",1.0
168,Parents shouldn't have to choose between a paycheck and taking care of a sick child at home. #LeadOnLeave ,1.0
169,"After thirty years in Congress, Senator, this should not be your proudest accomplishment. https://t.co/FwGAJsBCoo #DoYourJob ",1.0
170,We need a fully functioning Supreme Court. Speak up if you agree it's time for a hearing and a vote: ,1.0
171,"There has never been a more qualified nominee, Senate leaders. He deserves a fair hearing and a vote. #DoYourJob ",1.0
172,It's the Senate's job to fairly consider Supreme Court nominees. Their refusal to do so is unacceptable: ,1.0
173,"""Everybody gets sick."" Check out what President Obama is doing to extend access to paid sick leave: ",1.0
174,RT @ErnestMoniz: THIS is what a #CleanEnergy revolution looks like. New report out today ? https://t.co/o13p5fPNDg #ActOnClimate ,1.0
175,Never underestimate the strength and resilience of the American economy. ,1.0
176,RT @Slate: President Obama answers Slate’s questions about his administration’s new rule extending paid sick leave: ,1.0
177,The @OFA Truth Team makes it easy to stay informed. Join today: ,1.0
178,"This is no accident—we're making a comeback because together, we've fought hard to support American families. ",1.0
179,We're better off than we were eight years ago. ,1.0
180,"Household incomes are up, and the poverty rate is down across all demographics. ",1.0
181,"As long as Senate leaders keep refusing to do their jobs, @OFA supporters will continue speaking out against their obstruction. #DoYourJob ",1.0
182,Senate leaders have blocked Judge Garland's hearing for over six months now. Keep pushing: ,1.0
183,"Important, tough conversations require solid facts. Get them from the @OFA Truth Team: https://t.co/5YH9zVeayn ",1.0
184,"These are high praises from the American Bar Association—and yet, Senate leaders refuse to even consider Judge Garland. #MerricksMerits ",1.0
185,Senate leaders' unprecedented obstruction of the Supreme Court nomination must end. Your voice matters: ,1.0
186,The American people are waiting for Senate leaders to do their jobs. ,1.0
187,Senate leaders have blocked Judge Garland's hearing for over six months now. Keep pushing: ,1.0
188,"Senate leaders need to work for the good of the American people, not seek out political points. ",1.0
189,Watch President Obama and @CEAChair Jason Furman discuss the positive gains the American economy has made. ,1.0
190,Here are 16 broken records we shouldn't be proud of. ,1.0
191,Stay informed. Stay engaged. Speak up. Join the @OFA Truth Team: ,1.0
192,"Another record broken: 16 months in a row of undeniable, record-breaking heat.
",1.0
193,Happy #FirstDayofFall. ,1.0
194,We can't sit idly by. Climate change is likely to threaten our national security—we must act now. https://t.co/HwnK53B8Zi #ActOnClimate ,1.0
195,Judge Garland is highly qualified for the bench—even some Senate leaders who are now blocking his hearing have agreed. #MerricksMerits ,1.0
196,Senate leaders' blind obstruction of Judge Garland's nomination sets a dangerous precedent. We can't stand idly by. ,1.0
197,"Enough of the shameless partisanship, Senators. #DoYourJob and fill the Supreme Court vacancy. ",1.0
198,Help keep the pressure on Senate leaders to give Judge Garland a fair hearing before their next recess. ,1.0
199,The American Bar Association gave Judge Garland its highest possible rating. He deserves a hearing and a vote. #MerricksMerits ,1.0
200,Thank you Rand! ,0.0
201,New home sales reach a 10 year high. Stock Market has more record gains. Hopefully Republican Senators will give us the much needed Tax Cuts to keep it all going! Democrats want big Tax Increases.,0.0
202,"The Tax Cut Bill is coming along very well, great support. With just a few changes, some mathematical, the middle class and job producers can get even more in actual dollars and savings and the pass through provision becomes simpler and really works well!",0.0
203,"The good news is that their ratings are terrible, nobody cares! ",0.0
204,"We should have a contest as to which of the Networks, plus CNN and not including Fox, is the most dishonest, corrupt and/or distorted in its political coverage of your favorite President (me). They are all bad. Winner to receive the FAKE NEWS TROPHY!",0.0
205,"Back in D.C., big week for Tax Cuts and many other things of great importance to our Country.  Senate Republicans will hopefully come through for all of us. The Tax Cut Bill is getting better and better. The end result will be great for ALL!",0.0
206,"Since the first day I took office, all you hear is the phony Democrat excuse for losing the election, Russia, Russia,Russia.  Despite this I have the economy booming and have possibly done more than any 10 month President. MAKE AMERICA GREAT AGAIN!",0.0
207,I endorsed Luther Strange in the Alabama Primary. He shot way up in the polls but it wasn’t enough. Can’t let Schumer/Pelosi win this race. Liberal Jones would be BAD!,0.0
208,"The last thing we need in Alabama and the U.S. Senate is a Schumer/Pelosi puppet who is WEAK on Crime, WEAK on the Border, Bad for our Military and our great Vets, Bad for our 2nd Amendment, AND WANTS TO RAISES TAXES TO THE SKY. Jones would be a disaster!",0.0
209,"Wow, even I didn’t realize we did so much. Wish the Fake News would report! Thank you. ",0.0
210,".@FoxNews is MUCH more important in the United States than CNN, but outside of the U.S., CNN International is still a major source of (Fake) news, and they represent our Nation to the WORLD very poorly. The outside world does not see the truth from them!",0.0
211,"Check out the recent Editorial in the Wall Street Journal @WSJ about what a complete disaster the @CFPB has been under its leader from previous Administration, who just quit!",0.0
212,"The Consumer Financial Protection Bureau, or CFPB, has been a total disaster as run by the previous Administrations pick. Financial Institutions have been devastated and unable to properly serve the public. We will bring it back to life!",0.0
213,"Happy #SmallBusinessSaturday!

A great day to support your community and America’s JOB creators by shopping locally at a #SmallBiz. #ShopSmall ",0.0
214,"Time Magazine called to say that I was PROBABLY going to be named “Man (Person) of the Year,” like last year, but I would have to agree to an interview and a major photo shoot. I said probably is no good and took a pass. Thanks anyway!",0.0
215,"Will be calling the President of Egypt in a short while to discuss the tragic terrorist attack, with so much loss of life. We have to get TOUGHER AND SMARTER than ever before, and we will. Need the WALL, need the BAN! God bless the people of Egypt.",0.0
216,"Horrible and cowardly terrorist attack on innocent and defenseless worshipers in Egypt. The world cannot tolerate terrorism, we must defeat them militarily and discredit the extremist ideology that forms the basis of their existence!",0.0
217,"After Turkey call I will be heading over to Trump National Golf Club, Jupiter, to play golf (quickly) with Tiger Woods and Dustin Johnson. Then back to Mar-a-Lago for talks on bringing even more jobs and companies back to the USA!",0.0
218,"Will be speaking to President Recep Tayyip Erdogan of Turkey this morning about bringing peace to the mess that I inherited in the Middle East. I will get it all done, but what a mistake, in lives and dollars (6 trillion), to be there in the first place!",0.0
219,"Can you believe that the disrespect for our Country, our Flag, our Anthem continues without penalty to the players. The Commissioner has lost control of the hemorrhaging league. Players are the boss! ",0.0
220,Two great people! ,0.0
221,A great guy (with great ratings)! ,0.0
222,RT @DeptofDefense: #HappyThanksgiving from @USArmy and @USNationalGuard #soldiers serving with Task Force Marauder in #Afghanistan. ? ,0.0
223,"RT @Scavino45: Today, @POTUS @realDonaldTrump and @FLOTUS Melania visit the @USCG at the Lake Worth Inlet Station, in Riviera Beach, Florid…",0.0
224,"ObamaCare premiums are going up, up, up, just as I have been predicting for two years. ObamaCare is OWNED by the Democrats, and it is a disaster. But do not worry. Even though the Dems want to Obstruct, we will Repeal &amp; Replace right after Tax Cuts!",0.0
225,"My great honor to join our incredible men and women of the @USCG, at the Lake Worth Inlet Station, in Riviera Beach, Florida today!
#HappyThanksgiving ",0.0
226,HAPPY THANKSGIVING! ,0.0
227,"Will be doing a live Thanksgiving Video Teleconference with Members of the Military at 9:00 A.M.  Afghanistan, Iraq, USS Monterey, Turkey &amp; Bahrain. Then going to Coast Guard Quarters, Florida.",0.0
228,MAKE AMERICA GREAT AGAIN!,0.0
229,@ThePlumLineGS MAKE AMERICA GREAT AGAIN!,0.0
230,"HAPPY THANKSGIVING, your Country is starting to do really well. Jobs coming back, highest Stock Market EVER, Military getting really strong, we will build the WALL, V.A. taking care of our Vets, great Supreme Court Justice, RECORD CUT IN REGS, lowest unemployment in 17 years....!",0.0
231,....And it will get even better with Tax Cuts! ,0.0
232,I have long given the order to help Argentina with the Search and Rescue mission of their missing submarine. 45 people aboard and not much time left. May God be with them and the people of Argentina!,0.0
233,51 Million American to travel this weekend - highest number in twelve years (AAA). Traffic and airports are running very smoothly!  @FoxNews,0.0
234,RT @FLOTUS: Preparations are underway to celebrate the holidays at the @WhiteHouse! ,0.0
235,The @USNavy is conducting search and rescue following aircraft crash. We are monitoring the situation. Prayers for all involved. ,0.0
236,Will be having meetings and working the phones from the Winter White House in Florida (Mar-a-Lago). Stock Market hit new Record High yesterday - $5.5 trillion gain since E. Many companies coming back to the U.S. Military building up and getting very strong.,0.0
237,"RT @IngrahamAngle: “Far right”? You mean “right so far,” as in @realDonaldTrump has been right so far abt how to kick the economy into high…",0.0
238,"RT @Realjmannarino: @realDonaldTrump The ungratefulness is something I’ve never seen before. If you get someone’s son out of prison, he sho…",0.0
239,The NFL is now thinking about a new idea - keeping teams in the Locker Room during the National Anthem next season. That’s almost as bad as kneeling! When will the highly paid Commissioner finally get tough and smart? This issue is killing your league!.....,0.0
240,"...LaVar, you could have spent the next 5 to 10 years during Thanksgiving with your son in China, but no NBA contract to support you. But remember LaVar, shoplifting is NOT a little thing. It’s a really big deal, especially in China. Ungrateful fool!",0.0
241,"It wasn’t the White House, it wasn’t the State Department, it wasn’t father LaVar’s so-called people on the ground in China that got his son out of a long term prison sentence - IT WAS ME. Too bad! LaVar is just a poor man’s version of Don King, but without the hair. Just think..",0.0
242,"Today, we continued a wonderful American Tradition at the White House. Drumstick and Wishbone will live out their days in the beautiful Blue Ridge Mountains at Gobbler’s Rest... ",0.0
243,President Donald J. Trump and @FLOTUS Melania Participate in the Pardoning of the National Thanksgiving Turkey at the White House. ,0.0
244,Under President Trump unemployment rate will drop below 4%.  Analysts predict economic boom for 2018!  @foxandfriends and @Varneyco,0.0
245,Marshawn Lynch of the NFL’s Oakland Raiders stands for the Mexican Anthem and sits down to boos for our National Anthem. Great disrespect! Next time NFL should suspend him for remainder of season. Attendance and ratings way down.,0.0
246,Republican Senators are working very hard to get Tax Cuts and Tax Reform approved. Hopefully it will not be long and they do not want to disappoint the American public!,0.0
247,"Border Patrol Officer killed at Southern Border, another badly hurt. We will seek out and bring to justice those responsible. We will, and must, build the Wall!",0.0
248,Big-game trophy decision will be announced next week but will be very hard pressed to change my mind that this horror show in any way helps conservation of Elephants or any other animal.,0.0
249,"Shoplifting is a very big deal in China, as it should be (5-10 years in jail), but not to father LaVar. Should have gotten his son out during my next trip to China instead. China told them why they were released. Very ungrateful!",0.0
250,"Sen. Jeff Flake(y), who is unelectable in the Great State of Arizona (quit race, anemic polls) was caught (purposely) on “mike” saying bad things about your favorite President. He’ll be a NO on tax cuts because his political career anyway is “toast.”",0.0
251,"Now that the three basketball players are out of China and saved from years in jail, LaVar Ball, the father of LiAngelo, is unaccepting of what I did for his son and that shoplifting is no big deal. I should have left them in jail!",0.0
252,RT @greta: Thank you @realDonaldTrump - this is important to so many of us ,0.0
253,"RT @piersmorgan: BOOM! Thank you, Mr President. Trophy-hunting is repellent. ",0.0
254,"Crooked Hillary Clinton is the worst (and biggest) loser of all time. She just can’t stop, which is so good for the Republican Party. Hillary, get on with your life and give it another try in three years!",0.0
255,Put big game trophy decision on hold until such time as I review all conservation facts. Under study for years. Will update soon with Secretary Zinke. Thank you!,0.0
256,"Today, it was an honor to celebrate the Collegiate National Champions of 2016/2017 at the @WhiteHouse! 
#NCAAChampions?Photos: https://t.co/Ecl2phhzyl ",0.0
257,"Together, we're going to restore safety to our streets and peace to our communities, and we're going to destroy the vile criminal cartel, #MS13, and many other gangs...

'Hundreds arrested in MS-13 crackdown'
https://t.co/Mp268d8RaU ",0.0
258,"If Democrats were not such obstructionists and understood the power of lower taxes, we would be able to get many of their ideas into Bill!",0.0
259,"Great numbers on Stocks and the Economy. If we get Tax Cuts and Reform, we'll really see some great results!",0.0
260,.And to think that just last week he was lecturing anyone who would listen about sexual harassment and respect for women. Lesley Stahl tape?,0.0
261,"The Al Frankenstien picture is really bad, speaks a thousand words. Where do his hands go in pictures 2, 3, 4, 5 &amp; 6 while she sleeps? .....",0.0
262,"Big win today in the House for GOP Tax Cuts and Reform, 227-205. Zero Dems, they want to raise taxes much higher, but not for our military!",0.0
263,Congratulations to the House of Representatives for passing the #TaxCutsandJobsAct — a big step toward fulfilling our promise to deliver historic TAX CUTS for the American people by the end of the year! ,0.0
264,Need all on the UN Security Council to vote to renew the Joint Investigative Mechanism for Syria to ensure that Assad Regime does not commit mass murder with chemical weapons ever again.,0.0
265,"China is sending an Envoy and Delegation to North Korea - A big move, we'll see what happens!",0.0
266,"....your release possible and, HAVE A GREAT LIFE! Be careful, there are many pitfalls on the long and winding road of life!",0.0
267,"To the three UCLA basketball players I say:  You're welcome, go out and give a big Thank You to President Xi Jinping of China who made.....",0.0
268,Big vote tomorrow in the House. Tax cuts are getting close!,0.0
269,Why are Democrats fighting massive tax cuts for the middle class and business (jobs)? The reason: Obstruction and Delay!,0.0
270,It is actually hard to believe how naive (or dumb) the Failing @nytimes is when it comes to foreign policy...weak and ineffective!,0.0
271,"...They should realize that these relationships are a good thing, not a bad thing. The U.S. is being respected again. Watch Trade!",0.0
272,"The failing @nytimes hates the fact that I have developed a great relationship with World leaders like Xi Jinping, President of China.....",0.0
273,Do you think the three UCLA Basketball Players will say thank you President Trump? They were headed for 10 years in jail!,0.0
274,Thank you! ,0.0
275,"Thank you, working hard! ",0.0
276,"While in the Philippines I was forced to watch @CNN, which I have not done in months, and again realized how bad, and FAKE, it is. Loser!",0.0
277,".@foxandfriends will be showing much of our successful trip to Asia, and the friendships &amp; benefits that will endure for years to come!",0.0
278,Our great country is respected again in Asia. You will see the fruits of our long but successful trip for many years to come!,0.0
279,"RT @Scavino45: 20,295 miles later #POTUSinAsia has successfully concluded as @POTUS @realDonaldTrump lands on the South Lawn of @WhiteHouse…",0.0
280,"RT @realDonaldTrump: Unemployment is down to 4.1%, lowest in 17 years. 1.5 million new jobs created since I took office. Highest stock Mark…",0.0
281,"RT @PChowka: Sean Hannity's Big Week - Top Ratings, Probing Reporting, and Let There Be Light at American Thinker ",0.0
282,"RT @realDonaldTrump: Thank you to our GREAT Military/Veterans and @PacificCommand.

Remember #PearlHarbor. Remember the @USSArizona!

A day…",0.0
283,Just returned from Asia after 12 very successful days. Great to be home!,0.0
284,THANK YOU ASIA! #USA?? ,0.0
285,THANK YOU to the amazing staff and their families of the United States Embassy in the Philippines. Keep up the GREAT WORK! ,0.0
286,"One of the most accurate polls last time around. But #FakeNews likes to say we’re in the 30’s. They are wrong. Some people think numbers could be in the 50's. Together, WE will MAKE AMERICA GREAT AGAIN! ",0.0
287,I will be making a major statement from the @WhiteHouse upon my return to D.C. Time and date to be set.,0.0
288,"Just arrived at #ASEAN50 in the Philippines for my final stop with World Leaders. Will lead to FAIR TRADE DEALS, unlike the horror shows from past Administrations. Will then be leaving for D.C. Made many good friends!",0.0
289,"After my tour of Asia, all Countries dealing with us on TRADE know that the rules have changed. The United States has to be treated fairly and in a reciprocal fashion. The massive TRADE deficits must go down quickly!",0.0
290,Great to see @RandPaul looking well and back on the Senate floor. He will help us with TAX CUTS and REFORM!,0.0
291,"Excited to be heading home to see the House pass a GREAT Tax Bill with the middle class getting big TAX CUTS!

#MakeAmericaGreatAgain??",0.0
292,"I am proud of the Rep. House &amp; Senate for working so hard on cutting taxes {&amp; reform.} We’re getting close! Now, how about ending the unfair &amp; highly unpopular Indiv Mandate in OCare &amp; reducing taxes even further? Cut top rate to 35% w/all of the rest going to middle income cuts?",0.0
293,"Happy to announce, I am nominating Alex Azar to be the next HHS Secretary. He will be a star for better healthcare and lower drug prices!",0.0
294,Will be leaving the Philippines tomorrow after many days of constant mtgs &amp; work in order to #MAGA! My promises are rapidly being fulfilled.,0.0
295,"Great day of bilateral meetings at #ASEANSummit on trade, which we are turning around to be great deals for our country! ",0.0
296,Thank you! ,0.0
297,"We had a wonderful visit to Vietnam, thank you President Tran Dai Quang! Heading to the #ASEANSummit 50th Anniv Gala in the Philippines now. ",0.0
298,"Just landed in the Philippines after a great day of meetings and events in Hanoi, Vietnam! ",0.0
299,"Why would Kim Jong-un insult me by calling me ""old,"" when I would NEVER call him ""short and fat?"" Oh well, I try so hard to be his friend - and maybe someday that will happen!",0.0
300,"Does the Fake News Media remember when Crooked Hillary Clinton, as Secretary of State, was begging Russia to be our friend with the misspelled reset button? Obama tried also, but he had zero chemistry with Putin.",0.0
301,"When will all the haters and fools out there realize that having a good relationship with Russia is a good thing, not a bad thing. There always playing politics - bad for our country. I want to solve North Korea, Syria, Ukraine, terrorism, and Russia can greatly help!",0.0
302,"Met with President Putin of Russia who was at #APEC meetings. Good discussions on Syria. Hope for his help to solve, along with China the dangerous North Korea crisis. Progress being made.",0.0
303,"Will be doing a joint press conference in Hanoi, Vietnam then heading for final destination of trip, the Phillipines.",0.0
304,President Xi of China has stated that he is upping the sanctions against #NoKo. Said he wants them to denuclearize. Progress is being made.,0.0
305,"“Presidential Proclamation Commemorating the 50th Anniversary of the Vietnam War” 
??https://t.co/hgUQP9leqK 
??https://t.co/9C0yyIv9Ws ",0.0
306,"On this wonderful Veterans Day, I want to express the incredible gratitude of the entire American Nation to our GREAT VETERANS. Thank you! ",0.0
307,"On behalf of an entire nation, Happy 242nd Birthday to the men and women of the United States Marines!
#USMC242 #SemperFi ",0.0
308,The United States has been reminded time and again in recent years that economic security is not merely RELATED to national security - economic security IS national security. It is vital to our national strength. #APEC2017 ,0.0
309,The United States is prepared to work with each of the leaders in this room today to achieve mutually beneficial commerce that is in the interests of both your countries and mine. That is the message I am here to deliver today. #APEC2017 ,0.0
310,"Today I am here to offer a renewed partnership with America -- to work together to strengthen the bonds of friendship and commerce between all of the nations of the Indo-Pacific, and together, to promote our prosperity and security. #APEC2017 ",0.0
311,"In more and more places throughout this region, citizens of SOVEREIGN and INDEPENDENT nations have taken greater control of their destinies, and unlocked the potential of their people. #APEC2017 ",0.0
312,"Throughout my travels, I've had the pleasure of sharing the good news from America. I've had the honor of sharing our vision for a free &amp; open Indo-Pacific -- a place where sovereign &amp; independent nations, w/diverse cultures &amp; many different dreams, can all prosper side-by-side. ",0.0
313,"Just landed in Da Nang, Vietnam to deliver a speech at #APEC2017",0.0
314,"I am leaving China for #APEC2017 in Vietnam. @FLOTUS Melania is staying behind to see the zoo, and of course, the Great WALL of China before going to Alaska to greet our AMAZING troops.",0.0
315,My meetings with President Xi Jinping were very productive on both trade and the subject of North Korea. He is a highly respected and powerful representative of his people. It was great being with him and Madame Peng Liyuan!,0.0
316,"I don’t blame China, I blame the incompetence of past Admins for allowing China to take advantage of the U.S. on trade leading up to a point where the U.S. is losing $100's of billions. How can you blame China for taking advantage of people that had no clue? I would've done same!",0.0
317,In the coming months and years ahead I look forward to building an even STRONGER relationship between the United States and China. ???? ,0.0
318,"President Xi, thank you for such an incredible welcome ceremony. It was a truly memorable and impressive display! ?https://t.co/J9x51h1LBe ",0.0
319,Congratulations to all of the ”DEPLORABLES” and the millions of people who gave us a MASSIVE (304-227) Electoral College landslide victory! ,0.0
320,Looking forward to a full day of meetings with President Xi and our delegations tomorrow. THANK YOU for the beautiful welcome China! @FLOTUS Melania and I will never forget it! ,0.0
321,NoKo has interpreted America's past restraint as weakness. This would be a fatal miscalculation. Do not underestimate us. AND DO NOT TRY US. ,0.0
322,"On behalf of @FLOTUS Melania and I, THANK YOU for an unforgettable afternoon and evening at the Forbidden City in Beijing, President Xi and Madame Peng Liyuan. We are looking forward to rejoining you tomorrow morning! ",0.0
323,Leaving South Korea now heading to China. Looking very much forward to meeting and being with President Xi!,0.0
324,"Together, we dream of a Korea that is free, a peninsula that is safe, and families that are reunited once again! ",0.0
325,Anyone who doubts the strength or determination of the U.S. should look to our past....and you will doubt it no longer. ,0.0
326,"The North Korean regime has pursued its nuclear &amp; ballistic missile programs in defiance of every assurance, agreement, &amp; commmitment it has made to the U.S. and its allies. It's broken all of those commitments... ",0.0
327,"The U.S., under my administration, is completely rebuilding its military, and they're spending hundreds of billions of dollars to the newest and finest military equipment anywhere in the world, being built right now. I want peace through strength! ",0.0
328,"Join me LIVE in South Korea????
#NationalAssembly #POTUSinAsia 
??https://t.co/M3iEhPdkas ",0.0
329,"Ed Gillespie worked hard but did not embrace me or what I stand for. Don’t forget, Republicans won 4 out of 4 House seats, and with the economy doing record numbers, we will continue to win, even bigger than before!",0.0
330,"Getting ready to make a major speech to the National Assembly here in South Korea, then will be headed to China where I very much look forward to meeting with President Xi who is just off his great political victory.",0.0
331,Thank you to all Americans who participated in Nat'l Rx Drug Take Back Day. A record amount of drugs collected &amp; disposed. We can do this!,0.0
332,"Franklin, such a great photo. 

HAPPY 99th BIRTHDAY to your father, @BillyGraham! ",0.0
333,".@EdWGillespie will totally turn around the high crime and poor economic performance of VA. MS-13 and crime will be gone. Vote today, ASAP!",0.0
334,....and has been horrible on Virginia economy. Vote @EdWGillespie today!,0.0
335,"Ralph Northam will allow crime to be rampant in Virginia. He’s weak on crime, weak on our GREAT VETS, Anti-Second Amendment....",0.0
336,"....is making. Working very hard on TAX CUTS for the middle class, companies and jobs!",0.0
337,Stock market hit yet another all-time record high yesterday. There is great confidence in the moves that my Administration....,0.0
338,Thank you to President Moon of South Korea for the beautiful welcoming ceremony. It will always be remembered. ,0.0
339,"It was my great honor to have lunch with our INCREDIBLE U.S. and ROK troops at Camp Humphreys, in South Korea. ???? https://t.co/5NJirz4iNM ",0.0
340,"RT @AbeShinzo: ????????????????????????????????????????????????????????

?????????????????????????????????????

@realDonaldTrump ",0.0
341,....Some of those they are harshly treating have been “milking” their country for years!,0.0
342,"I have great confidence in King Salman and the Crown Prince of Saudi Arabia, they know exactly what they are doing....",0.0
343,"Getting ready to leave for South Korea and meetings with President Moon, a fine gentleman. We will figure it all out!",0.0
344,"My visit to Japan and friendship with PM Abe will yield many benefits, for our great Country. Massive military &amp; energy orders happening+++!",0.0
345,"The state of Virginia economy, under Democrat rule, has been terrible. If you vote Ed Gillespie tomorrow, it will come roaring back!",0.0
346,#USA?? #Japan?? ,0.0
347,"...Americans do what we do best: we pull together. We join hands. We lock arms and through the tears and the sadness, we stand strong... ",0.0
348,"May God be w/ the people of Sutherland Springs, Texas. The FBI &amp; law enforcement are on the scene. I am monitoring the situation from Japan.",0.0
349,Heading into the 12 days with great negotiating strength because of our tremendous economy. ,0.0
350,It was a true honor to be at Yokota Air Base with our GREAT @USForcesJapan! ,0.0
351,"Playing golf with Prime Minister Abe and Hideki Matsuyama, two wonderful people! ",0.0
352,"Just gave a speech to the great men and women at Yokota Air Base in Tokyo, Japan. Leaving to see Prime Minister Abe. ",0.0
353,I am landing shortly. Can’t wait to be with our GREAT MILITARY. See you soon! ,0.0
354,Would very much appreciate Saudi Arabia doing their IPO of Aramco with the New York Stock Exchange. Important to the United States!,0.0
355,"Unemployment is down to 4.1%, lowest in 17 years. 1.5 million new jobs created since I took office. Highest stock Market ever, up $5.4 trill",0.0
356,RT @IvankaTrump: Touched by the warm hospitality of Prime Minister Abe and the Japanese people. ?????????? [Thank you]! Until next time ??…,0.0
357,"Thank you to our GREAT Military/Veterans and @PacificCommand.

Remember #PearlHarbor. Remember the @USSArizona!

A day I’ll never forget. ",0.0
358,Thank you for such a beautiful welcome Hawaii. My great honor to visit @PacificCommand upon arrival. Heading to Pearl Harbor w/ @FLOTUS now. ,0.0
359,Getting ready to land in Hawaii. Looking so much forward to meeting with our great Military/Veterans at Pearl Harbor!,0.0
360,The decision on Sergeant Bergdahl is a complete and total disgrace to our Country and to our Military.,0.0
361,"JOBS, JOBS, JOBS! ",0.0
362,"The rigged Dem Primary, one of the biggest political stories in years, got ZERO coverage on Fake News Network TV last night. Disgraceful!",0.0
363,"Just took off for ceremony @ Pearl Harbor. Will then be heading to Japan, SKorea, China, Vietnam &amp; the Philippines. Will never let you down!",0.0
364,"I always felt I would be running and winning against Bernie Sanders, not Crooked H, without cheating, I was right.",0.0
365,Bernie Sanders supporters have every right to be apoplectic of the complete theft of the Dem primary by Crooked Hillary!,0.0
366,"...Based on that, the Military has hit ISIS ""much harder"" over the last two days. They will pay a big price for every attack on us!",0.0
367,"ISIS just claimed the Degenerate Animal who killed, and so badly wounded, the wonderful people on the West Side, was ""their soldier."" .....",0.0
368,"Pocahontas just stated that the Democrats, lead by the legendary Crooked Hillary Clinton, rigged the Primaries! Lets go FBI &amp; Justice Dept.",0.0
369,The real story on Collusion is in Donna B's new book. Crooked Hillary bought the DNC &amp; then stole the Democratic Primary from Crazy Bernie!,0.0
370,"....People are angry.  At some point the Justice Department, and the FBI, must do what is right and proper. The American public deserves it!",0.0
371,"...New Donna B book says she paid for and stole the Dem Primary. What about the deleted E-mails, Uranium, Podesta, the Server, plus, plus...",0.0
372,Everybody is asking why the Justice Department (and FBI) isn't looking into all of the dishonesty going on with Crooked Hillary &amp; the Dems..,0.0
373,My Twitter account was taken down for 11 minutes by a rogue employee. I guess the word must finally be getting out-and having an impact.,0.0
374,I will be interviewed by @IngrahamAngle on @FoxNews at 10:00. Enjoy!,0.0
375,The @TuckerCarlson opening statement about our once cherished and great FBI was so sad to watch. James Comey's leadership was a disaster!,0.0
376,....This is real collusion and dishonesty. Major violation of Campaign Finance Laws and Money Laundering - where is our Justice Department?,0.0
377,Donna Brazile just stated the DNC RIGGED the system to illegally steal the Primary from Bernie Sanders. Bought and paid for by Crooked H....,0.0
378,"Great Tax Cut rollout today. The lobbyists are storming Capital Hill, but the Republicans will hold strong and do what is right for America!",0.0
379,"Today, it was my pleasure and great honor to announce my nomination of Jerome Powell to be the next Chairman of the @FederalReserve. ",0.0
380,"Broadcom's move to America=$20 BILLION of annual rev into U.S.A., $3+ BILLION/yr. in research/engineering &amp; $6 BILLION/yr. in manufacturing. ",0.0
381,"Today, we are thrilled to welcome @Broadcom CEO Hock Tan to the WH to announce he is moving their HQ’s from Singapore back to the U.S.A..... ",0.0
382,Congress must end chain migration so that we can have a system that is SECURITY BASED! We need to make AMERICA SAFE! #USA?? ,0.0
383,I am calling on Congress to TERMINATE the diversity visa lottery program that presents significant vulnerabilities to our national security. ,0.0
384,"Congratulations to the Houston @Astros, 2017 #WorldSeries Champions??#HoustonStrong #EarnHistory ",0.0
385,...There is also something appropriate about keeping him in the home of the horrible crime he committed. Should move fast. DEATH PENALTY!,0.0
386,Would love to send the NYC terrorist to Guantanamo but statistically that process takes much longer than going through the Federal system...,0.0
387,"NYC terrorist was happy as he asked to hang ISIS flag in his hospital room. He killed 8 people, badly injured 12. SHOULD GET DEATH PENALTY!",0.0
388,"Great mtg w/ @Cabinet today. Tomorrow, I will be announcing the new head of the Fed. I think you will be extremely impressed by this person! ",0.0
389,"Happy birthday to @garyplayer, a truly great Champion and Person!",0.0
390,It is finally happening for our great clean coal miners! ,0.0
391,The United States will be immediately implementing much tougher Extreme Vetting Procedures. The safety of our citizens comes first!,0.0
392,Just spoke to President Macri of Argentina about the five proud and wonderful men killed in the West Side terror attack. God be with them!,0.0
393,"CHAIN MIGRATION must end now! Some people come in, and they bring their whole family with them, who can be truly evil. NOT ACCEPTABLE! ",0.0
394,@SenateMajLdr @SenateGOP ...and Appeals Court Judges at a record clip! Our courts are rapidly changing for the better!,0.0
395,Thanks to @SenateMajLdr McConnell and the @SenateGOP we are appointing high-quality Federal District...,0.0
396,"Thank you to the GREAT NYPD, First Responders and all govt officials for having handled the terrible West Side attack so professionally! ",0.0
397,@NYGovCuomo @NYCMayor ...fully supports any and all of their efforts with respect to the West Side attack. #NYCStrong,0.0
398,Just spoke with @NYGovCuomo and @NYCMayor de Blasio to let them know that the federal government...,0.0
399,We mourn the horrifying terrorist attack in NYC. All of America is praying and grieving for the families who lost their precious loved ones. ,0.0
